<?xml version="1.0" encoding="UTF-8"?>
<project-private xmlns="http://www.netbeans.org/ns/project-private/1">
    <editor-bookmarks xmlns="http://www.netbeans.org/ns/editor-bookmarks/2" lastBookmarkId="1">
        <file>
            <url>src/ClassAtributos/Curso.java</url>
            <bookmark id="1">
                <name/>
                <line>57</line>
                <key/>
            </bookmark>
        </file>
    </editor-bookmarks>
    <open-files xmlns="http://www.netbeans.org/ns/projectui-open-files/2">
        <group>
            <file>file:/C:/Users/Dienel/Documents/NetBeansProjects/Lab6/src/lab6/GestorCursos.java</file>
            <file>file:/C:/Users/Dienel/Documents/NetBeansProjects/Lab6/src/lab6/Lab6.java</file>
            <file>file:/C:/Users/Dienel/Documents/NetBeansProjects/Lab6/src/lab6/NewProfesor.java</file>
            <file>file:/C:/Users/Dienel/Documents/NetBeansProjects/Lab6/src/ClassAtributos/Curso.java</file>
            <file>file:/C:/Users/Dienel/Documents/NetBeansProjects/Lab6/src/ClassAtributos/Profesores.java</file>
            <file>file:/C:/Users/Dienel/Documents/NetBeansProjects/Lab6/src/lab6/NewEstudiante.java</file>
            <file>file:/C:/Users/Dienel/Documents/NetBeansProjects/Lab6/src/lab6/JEstudiante.java</file>
            <file>file:/C:/Users/Dienel/Documents/NetBeansProjects/Lab6/src/ClassAtributos/Estudiantes.java</file>
            <file>file:/C:/Users/Dienel/Documents/NetBeansProjects/Lab6/src/lab6/NewCurso.java</file>
            <file>file:/C:/Users/Dienel/Documents/NetBeansProjects/Lab6/src/lab6/JProfesor.java</file>
        </group>
    </open-files>
</project-private>
